<?xml version="1.0" encoding="UTF-8" ?>
<module>
    <name>pagbank</name>
    <displayName><![CDATA[PagBank - Checkout Transparente]]></displayName>
    <version><![CDATA[1.7.1]]></version>
    <description><![CDATA[Módulo Oficial API v.4 - PrestaShop 1.6, 1.7 e 8.0]]></description>
    <author><![CDATA[PrestaBR]]></author>
    <tab><![CDATA[payments_gateways]]></tab>
    <is_configurable>1</is_configurable>
    <need_instance>1</need_instance>
	<limited_countries>BR</limited_countries>
</module>