<?xml version="1.0" encoding="UTF-8"?>
<project-private xmlns="http://www.netbeans.org/ns/project-private/1">
    <editor-bookmarks xmlns="http://www.netbeans.org/ns/editor-bookmarks/2" lastBookmarkId="0"/>
    <open-files xmlns="http://www.netbeans.org/ns/projectui-open-files/2">
        <group>
            <file>file:/C:/wamp/www/uolinc/prestashop/prestashop-1-4-5-1/modules/pagseguro/features/util/converterorderforpaymentrequest.php</file>
            <file>file:/C:/wamp/www/uolinc/prestashop/prestashop-1-4-5-1/modules/pagseguro/pagseguro.php</file>
            <file>file:/C:/wamp/www/uolinc/prestashop/prestashop-1-4-5-1/modules/pagseguro/features/validation/pagsegurovalidateorderprestashop.php</file>
        </group>
    </open-files>
</project-private>
